username;email;number
chir02;chir02@ya.ru;7(099)115-22-38
chir03;chir03@ya.ru;7(099)116-22-31
chir04;chir04@ya.ru;7(099)117-22-32
chir05;chir05@ya.ru;7(099)118-22-33
chir06;chir06@ya.ru;7(099)119-22-34
chir07;chir07@ya.ru;7(099)120-22-35
chir08;chir08@ya.ru;7(099)121-22-36
chir09;chir09@ya.ru;7(099)122-22-37
chir010;chir010@ya.ru;7(099)123-22-38
chir011;chir011@ya.ru;7(099)124-22-39
chir012;chir012@ya.ru;7(099)125-22-40
chir013;chir013@ya.ru;7(099)126-22-41
chir014;chir014@ya.ru;7(099)127-22-42
chir015;chir015@ya.ru;7(099)128-22-43
chir016;chir016@ya.ru;7(099)129-22-44
chir017;chir017@ya.ru;7(199)130-22-45
chir018;chir018@ya.ru;7(199)131-22-46
chir019;chir019@ya.ru;7(199)132-22-47
chir020;chir020@ya.ru;7(199)133-22-48
chir021;chir021@ya.ru;7(199)134-22-49